Jkn;Kohanimi;Keel;Kohanime staatus;Kohanime olek;Nimeobjekti liik;Lisainfo;Maakond,omavalitsus,asustusüksus;X;Y;
1;Karla küla;eesti;ametlik põhinimi;kehtiv;küla;;Harju maakond, Rae vald, Karla küla;6581090.69;552298.73;
2;Karla küla;eesti;ametlik põhinimi;kehtiv;küla;;Harju maakond, Kose vald, Karla küla;6559518.09;564266.79;
3;Karl Ojassoo tänav;eesti;ametlik põhinimi;kehtiv;liikluspind;;Saare maakond, Saaremaa vald, Kuressaare linn;6458238.77;411188.95;
4;Karl August Hermanni tänav;eesti;ametlik põhinimi;kehtiv;liikluspind;;Tartu maakond, Tartu linn, Tartu linn;6474413.43;658307.26;
5;Karla-Hansoni tee;eesti;ametlik põhinimi;kehtiv;tee, ringtee ...;;Harju maakond, Kose vald, Karla küla;6558064.52;564175.28;
6;Karla-Pundi tee;eesti;ametlik põhinimi;kehtiv;tee, ringtee ...;;Harju maakond, Kose vald, Karla küla;6557350.3;564676.75;
7;Karla väikekoht;eesti;ametlik põhinimi;kehtiv;väikekoht;;Harju maakond, Kose vald, Karla küla;6559163.56;564357.66;
8;Karlsoni tee;eesti;ametlik põhinimi;kehtiv;tee, ringtee ...;;Ida-Viru maakond, Alutaguse vald, Roostoja küla;6547276.46;678533.09;
9;Karla;eesti;ametlik põhinimi;kehtiv;maaüksus, krunt, talu;;Põlva maakond, Põlva vald, Leevijõe küla;6449465.67;673542.37;
10;Karli tee;eesti;ametlik põhinimi;kehtiv;liikluspind;;Harju maakond, Saku vald, Lokuti küla;6571919.41;542712.67;
11;Karla;eesti;ametlik põhinimi;kehtiv;maaüksus, krunt, talu;;Jõgeva maakond, Mustvee vald, Lepiksaare küla;6538523.08;662701.64;
12;Karlasilm;eesti;ametlik põhinimi;kehtiv;väin, kurk;;Pärnu maakond, Lääneranna vald, Saulepi küla;6466790.5;487985.7;
13;Karl Ernst von Baeri tänav;eesti;ametlik põhinimi;kehtiv;liikluspind;;Tartu maakond, Tartu linn, Tartu linn;6474305.44;658665.48;
14;Karl August Hermanni tänav;eesti;ametlik põhinimi;kehtiv;liikluspind;;Jõgeva maakond, Põltsamaa vald, Põltsamaa linn;6502388.28;614787.84;
15;Karl August Hermanni tänav;eesti;ametlik põhinimi;kehtiv;liikluspind;;Harju maakond, Tallinn, Kesklinna linnaosa;6588279.3;543997.58;
16;Karl Lutsu tänav;eesti;ametlik põhinimi;kehtiv;liikluspind;;Ida-Viru maakond, Kohtla-Järve linn, Järve linnaosa;6588299.4;685145.91;
17;Karla tee;eesti;ametlik põhinimi;kehtiv;liikluspind;;Harju maakond, Kiili vald, Vaela küla;6577234.51;546552.28;
18;Karlepa tee;eesti;ametlik põhinimi;kehtiv;liikluspind;;Harju maakond, Saue vald, Koppelmaa küla;6569628.41;530526.54;
19;Karlova paadisadam;eesti;ametlik põhinimi;kehtiv;sadam, lauter, valgma, ...;;Tartu maakond, Tartu linn, Tartu linn;6473142.73;660586.61;
20;Karlsoni;eesti;ametlik põhinimi;kehtiv;maaüksus, krunt, talu;;Ida-Viru maakond, Alutaguse vald, Roostoja küla;6547546.13;678375.11;
21;Karla;eesti;ametlik põhinimi;kehtiv;maaüksus, krunt, talu;;Lääne-Viru maakond, Tapa vald, Kuru küla;6566451.12;608130.75;
22;Karla;eesti;ametlik põhinimi;kehtiv;maaüksus, krunt, talu;;Võru maakond, Antsla vald, Uue-Antsla küla;6417443.49;650767.91;
23;Karli;eesti;ametlik põhinimi;kehtiv;maaüksus, krunt, talu;;Järva maakond, Järva vald, Kalitsa küla;6537101.91;610604.81;
24;Karlsoni;eesti;ametlik põhinimi;kehtiv;maaüksus, krunt, talu;;Ida-Viru maakond, Alutaguse vald, Sõrumäe küla;6563787.84;691413.48;
25;Karlepi;eesti;ametlik põhinimi;kehtiv;maaüksus, krunt, talu;;Ida-Viru maakond, Alutaguse vald, Alliku küla;6553343.3;688835.5;
26;Karla;eesti;ametlik põhinimi;kehtiv;maaüksus, krunt, talu;;Tartu maakond, Peipsiääre vald, Haavakivi küla;6509273.33;674645.59;
27;Karla;eesti;ametlik põhinimi;kehtiv;maaüksus, krunt, talu;;Võru maakond, Rõuge vald, Märdi küla;6398665.19;673627.69;
28;Karl-Martini;eesti;ametlik põhinimi;kehtiv;maaüksus, krunt, talu;;Lääne-Viru maakond, Väike-Maarja vald, Nõmmküla;6538094.06;624202.48;
29;Karlsruhe;eesti;ametlik põhinimi;kehtiv;maaüksus, krunt, talu;;Võru maakond, Rõuge vald, Mõõlu küla;6398786.93;676852.43;
30;Karli;eesti;ametlik põhinimi;kehtiv;maaüksus, krunt, talu;;Lääne-Viru maakond, Haljala vald, Aasu küla;6588252.65;632164.81;
31;Karla;eesti;ametlik põhinimi;kehtiv;maaüksus, krunt, talu;;Jõgeva maakond, Jõgeva vald, Reastvere küla;6530072.18;647050.65;
32;Karli;eesti;ametlik põhinimi;kehtiv;maaüksus, krunt, talu;;Tartu maakond, Kambja vald, Visnapuu küla;6455167.59;651572.94;
33;Karli;eesti;ametlik põhinimi;kehtiv;maaüksus, krunt, talu;;Lääne maakond, Haapsalu linn, Pusku küla;6528140.03;468713.06;
34;Karla;eesti;ametlik põhinimi;kehtiv;maaüksus, krunt, talu;;Tartu maakond, Kambja vald, Sirvaku küla;6456549.78;662841.68;
35;Karlova;eesti;ametlik põhinimi;kehtiv;maaüksus, krunt, talu;;Valga maakond, Valga vald, Kaagjärve küla;6404917.62;633115.62;
36;Karl-Eeriku;eesti;ametlik põhinimi;kehtiv;maaüksus, krunt, talu;;Tartu maakond, Kambja vald, Pangodi küla;6453114.01;651866.22;
37;Karla;eesti;ametlik põhinimi;kehtiv;maaüksus, krunt, talu;;Tartu maakond, Tartu linn, Rõhu küla;6469336.56;648694.08;
38;Karli;eesti;ametlik põhinimi;kehtiv;maaüksus, krunt, talu;;Jõgeva maakond, Mustvee vald, Sälliksaare küla;6540771.59;664662.73;
39;Karli;eesti;ametlik põhinimi;kehtiv;maaüksus, krunt, talu;;Põlva maakond, Põlva vald, Kosova küla;6456552.86;679421.97;
40;Karli;eesti;ametlik põhinimi;kehtiv;maaüksus, krunt, talu;;Pärnu maakond, Põhja-Pärnumaa vald, Lüüste küla;6499432.24;567076.11;
41;Karla;eesti;ametlik põhinimi;kehtiv;maaüksus, krunt, talu;;Hiiu maakond, Hiiumaa vald, Sarve küla;6523089.32;445730.23;
42;Karla;eesti;ametlik põhinimi;kehtiv;maaüksus, krunt, talu;;Põlva maakond, Põlva vald, Adiste küla;6444021.98;685193.64;
43;Karli;eesti;ametlik põhinimi;kehtiv;maaüksus, krunt, talu;;Lääne-Viru maakond, Tapa vald, Aavere küla;6551763.05;616904.47;
44;Karla;eesti;ametlik põhinimi;kehtiv;maaüksus, krunt, talu;;Lääne-Viru maakond, Tapa vald, Läste küla;6570744.99;605067.31;
45;Karli;eesti;ametlik põhinimi;kehtiv;maaüksus, krunt, talu;;Tartu maakond, Tartu linn, Tähtvere küla;6476292.82;657046.4;
46;Karli;eesti;ametlik põhinimi;kehtiv;maaüksus, krunt, talu;;Põlva maakond, Põlva vald, Valgemetsa küla;6448778.83;674607.44;
47;Karli;eesti;ametlik põhinimi;kehtiv;maaüksus, krunt, talu;;Tartu maakond, Peipsiääre vald, Kargaja küla;6486569.86;683434.35;
48;Karlsbergi;eesti;ametlik põhinimi;kehtiv;maaüksus, krunt, talu;;Võru maakond, Võru vald, Mäekülä;6420409.49;670240.1;
49;Karlepi;eesti;ametlik põhinimi;kehtiv;maaüksus, krunt, talu;;Ida-Viru maakond, Alutaguse vald, Kasevälja küla;6554866.82;691196.85;
50;Karla;eesti;ametlik põhinimi;kehtiv;maaüksus, krunt, talu;;Saare maakond, Saaremaa vald, Praakli küla;6458711.89;415564.43;
51;Karla;eesti;ametlik põhinimi;kehtiv;maaüksus, krunt, talu;;Järva maakond, Järva vald, Kaalepi küla;6551380.42;596290.95;
52;Karli;eesti;ametlik põhinimi;kehtiv;maaüksus, krunt, talu;;Tartu maakond, Tartu vald, Nõela küla;6484474.25;650457.5;
53;Karli;eesti;ametlik põhinimi;kehtiv;maaüksus, krunt, talu;;Ida-Viru maakond, Toila vald, Päite küla;6589886.74;709619;
54;Karli;eesti;ametlik põhinimi;kehtiv;maaüksus, krunt, talu;;Tartu maakond, Kastre vald, Paluküla;6462180.3;672598.28;
55;Karlose;eesti;ametlik põhinimi;kehtiv;maaüksus, krunt, talu;;Lääne-Viru maakond, Vinni vald, Tammiku küla;6564379.67;652025.85;
56;Karlsbergi;eesti;ametlik põhinimi;kehtiv;maaüksus, krunt, talu;;Harju maakond, Kose vald, Vardja küla;6559046.68;569646.13;
57;Karli;eesti;ametlik põhinimi;kehtiv;maaüksus, krunt, talu;;Saare maakond, Saaremaa vald, Vilsandi küla;6474248.51;377627.44;
58;Karli-Otsa-Liiva;eesti;ametlik põhinimi;kehtiv;maaüksus, krunt, talu;;Jõgeva maakond, Jõgeva vald, Sudiste küla;6500535.64;650847.56;
59;Karlijõe;eesti;ametlik põhinimi;kehtiv;maaüksus, krunt, talu;;Jõgeva maakond, Mustvee vald, Omedu küla;6519214.32;672623.67;
60;Karli;eesti;ametlik põhinimi;kehtiv;maaüksus, krunt, talu;;Tartu maakond, Kastre vald, Kaagvere küla;6471038.6;670555.57;
61;Karla;eesti;ametlik põhinimi;kehtiv;maaüksus, krunt, talu;;Lääne-Viru maakond, Väike-Maarja vald, Avanduse küla;6550334.39;638080.6;
62;Karla;eesti;ametlik põhinimi;kehtiv;maaüksus, krunt, talu;;Tartu maakond, Tartu vald, Väänikvere küla;6487810.7;640240.89;
63;Karli;eesti;ametlik põhinimi;kehtiv;maaüksus, krunt, talu;;Tartu maakond, Elva vald, Vehendi küla;6455890.38;624455.12;
64;Karli;eesti;ametlik põhinimi;kehtiv;maaüksus, krunt, talu;;Tartu maakond, Nõo vald, Meeri küla;6462947.89;644861.31;
65;Karlamäe;eesti;ametlik põhinimi;kehtiv;maaüksus, krunt, talu;;Harju maakond, Kiili vald, Sõmeru küla;6568813.25;549882.98;
66;Karl-Elmari;eesti;ametlik põhinimi;kehtiv;maaüksus, krunt, talu;;Harju maakond, Kuusalu vald, Turbuneeme küla;6610057.21;600375.3;
67;Karli;eesti;ametlik põhinimi;kehtiv;maaüksus, krunt, talu;;Ida-Viru maakond, Lüganuse vald, Soonurme küla;6580612.77;668008.23;
68;Karlssoni;eesti;ametlik põhinimi;kehtiv;maaüksus, krunt, talu;;Lääne maakond, Lääne-Nigula vald, Einbi küla / Enby;6541720.06;466510;
69;Karli;eesti;ametlik põhinimi;kehtiv;maaüksus, krunt, talu;;Tartu maakond, Elva vald, Raigaste küla;6444135.4;631575.14;
70;Karli;eesti;ametlik põhinimi;kehtiv;maaüksus, krunt, talu;;Ida-Viru maakond, Alutaguse vald, Kiikla küla;6575338.61;684908.46;
71;Karli;eesti;ametlik põhinimi;kehtiv;maaüksus, krunt, talu;;Tartu maakond, Tartu vald, Raigastvere küla;6496947.31;653951.17;
72;Karli;eesti;ametlik põhinimi;kehtiv;maaüksus, krunt, talu;;Jõgeva maakond, Jõgeva vald, Raadivere küla;6506378.37;649556.88;
73;Karli;eesti;ametlik põhinimi;kehtiv;maaüksus, krunt, talu;;Ida-Viru maakond, Narva-Jõesuu linn, Laagna küla;6590735.97;727457.32;
74;Karl-Jaagupi;eesti;ametlik põhinimi;kehtiv;maaüksus, krunt, talu;;Lääne-Viru maakond, Haljala vald, Pedassaare küla;6611165.37;615320.83;
75;Karl-Martini;eesti;ametlik põhinimi;kehtiv;maaüksus, krunt, talu;;Võru maakond, Võru vald, Lompka küla;6407852.71;674829.73;
76;Karla;eesti;ametlik põhinimi;kehtiv;maaüksus, krunt, talu;;Saare maakond, Saaremaa vald, Undva küla;6486606.23;381579.53;
77;Karli;eesti;ametlik põhinimi;kehtiv;maaüksus, krunt, talu;;Valga maakond, Otepää vald, Märdi küla;6430400.28;642508.37;
78;Karla;eesti;ametlik põhinimi;kehtiv;maaüksus, krunt, talu;;Tartu maakond, Peipsiääre vald, Piibumäe küla;6516200.18;676231.81;
79;Karla;eesti;ametlik põhinimi;kehtiv;maaüksus, krunt, talu;;Harju maakond, Kuusalu vald, Andineeme küla;6596085.73;583137.14;
80;Karlimäe;eesti;ametlik põhinimi;kehtiv;maaüksus, krunt, talu;;Tartu maakond, Nõo vald, Vissi küla;6457964.6;643105.39;
81;Karli;eesti;ametlik põhinimi;kehtiv;maaüksus, krunt, talu;;Jõgeva maakond, Jõgeva vald, Tealama küla;6525187.23;657205.31;
82;Karli-Jaani;eesti;ametlik põhinimi;kehtiv;maaüksus, krunt, talu;;Pärnu maakond, Pärnu linn, Kiraste küla;6480430.18;498422.4;
83;Karli;eesti;ametlik põhinimi;kehtiv;maaüksus, krunt, talu;;Pärnu maakond, Tori vald, Pärivere küla;6485583.08;532918.77;
84;Karli;eesti;ametlik põhinimi;kehtiv;maaüksus, krunt, talu;;Lääne maakond, Lääne-Nigula vald, Oru küla;6540918.51;483776.16;
85;Karli;eesti;ametlik põhinimi;kehtiv;maaüksus, krunt, talu;;Harju maakond, Kose vald, Ardu alevik;6552036.01;577346.68;
86;Karli;eesti;ametlik põhinimi;kehtiv;maaüksus, krunt, talu;;Lääne maakond, Lääne-Nigula vald, Nõva küla;6564323.65;480525.46;
87;Karla;eesti;ametlik põhinimi;kehtiv;maaüksus, krunt, talu;;Järva maakond, Türi vald, Arkma küla;6503288.99;593161.43;
88;Karla;eesti;ametlik põhinimi;kehtiv;Bussi-, trammi-, trolli-, taksopeatus;;Harju maakond, Kose vald, Karla küla;6559204.85;564326.4;
89;Karlsoni;eesti;ametlik põhinimi;kehtiv;maaüksus, krunt, talu;;Harju maakond, Raasiku vald, Kulli küla;6583694.29;556618.51;
90;Karl Johani;eesti;ametlik põhinimi;kehtiv;maaüksus, krunt, talu;;Pärnu maakond, Lääneranna vald, Kidise küla;6482281.07;495506.27;
91;Karla viadukt;eesti;mitteametlik esikohanimi;kehtiv;sild;;Harju maakond, Kose vald, Kuivajõe küla;6561064.92;563861.59;
92;Karlova linnaosa;eesti;mitteametlik esikohanimi;kehtiv;mitteametlik linnaosa;;Tartu maakond, Tartu linn, Tartu linn;6472615.06;660078.3;
93;Karlova kool;eesti;mitteametlik esikohanimi;kehtiv;Bussi-, trammi-, trolli-, taksopeatus;;Tartu maakond, Tartu linn, Tartu linn;6473395.27;659876;
94;Karlhansu;eesti;ametlik põhinimi;kehtiv;maaüksus, krunt, talu;;Harju maakond, Saku vald, Jälgimäe küla;6576261.96;535540.6;
95;Karlimetsa;eesti;ametlik põhinimi;kehtiv;Bussi-, trammi-, trolli-, taksopeatus;;Harju maakond, Lääne-Harju vald, Nahkjala küla;6567303.9;515956.2;
96;Karla-Tabase;eesti;ametlik põhinimi;kehtiv;maaüksus, krunt, talu;;Harju maakond, Kose vald, Krei küla;6566424.16;563824.01;
97;Karlipõllu;eesti;ametlik põhinimi;kehtiv;maaüksus, krunt, talu;;Viljandi maakond, Mulgi vald, Saate küla;6435124.09;585345.11;
98;Karlsbergi;eesti;ametlik põhinimi;kehtiv;maaüksus, krunt, talu;;Viljandi maakond, Mulgi vald, Saate küla;6434963.8;585810.63;
99;Karli;eesti;ametlik põhinimi;kehtiv;maaüksus, krunt, talu;;Rapla maakond, Kehtna vald, Kalbu küla;6530007.06;550161.73;
100;Karli;eesti;ametlik põhinimi;kehtiv;maaüksus, krunt, talu;;Saare maakond, Saaremaa vald, Virita küla;6471204.89;385624.84;
101;Karli;eesti;ametlik põhinimi;kehtiv;maaüksus, krunt, talu;;Saare maakond, Saaremaa vald, Pajumõisa küla;6472974.77;387468.59;
102;Karla-Kõrtsu;eesti;ametlik põhinimi;kehtiv;maaüksus, krunt, talu;;Harju maakond, Harku vald, Liikva küla;6587492.64;523910.59;
103;Karli;eesti;ametlik põhinimi;kehtiv;maaüksus, krunt, talu;;Harju maakond, Anija vald, Rooküla;6568701.02;575508.41;
104;Karla;eesti;ametlik põhinimi;kehtiv;maaüksus, krunt, talu;;Võru maakond, Antsla vald, Kaika küla;6405148.57;651692.57;
105;Karli;eesti;ametlik põhinimi;kehtiv;maaüksus, krunt, talu;;Jõgeva maakond, Jõgeva vald, Vilina küla;6518436.52;643470.36;
106;Karli;eesti;ametlik põhinimi;kehtiv;maaüksus, krunt, talu;;Pärnu maakond, Pärnu linn, Lemmetsa küla;6475583.28;522415.88;
107;Karli;eesti;ametlik põhinimi;kehtiv;maaüksus, krunt, talu;;Saare maakond, Saaremaa vald, Laadjala küla;6463595.73;413555.44;
108;Karla;eesti;ametlik põhinimi;kehtiv;maaüksus, krunt, talu;;Saare maakond, Saaremaa vald, Paimala küla;6460838.78;418059.27;
109;Karla;eesti;ametlik põhinimi;kehtiv;maaüksus, krunt, talu;;Lääne-Viru maakond, Kadrina vald, Vaiatu küla;6583248.51;614043.98;
110;Karli;eesti;ametlik põhinimi;kehtiv;maaüksus, krunt, talu;;Ida-Viru maakond, Alutaguse vald, Kaatermu küla;6564405.4;703839.15;
111;Karl-Josepi;eesti;ametlik põhinimi;kehtiv;maaüksus, krunt, talu;;Lääne-Viru maakond, Kadrina vald, Kadapiku küla;6581077.44;622308.9;
112;Karli;eesti;ametlik põhinimi;kehtiv;maaüksus, krunt, talu;;Saare maakond, Saaremaa vald, Vaivere küla;6460074.14;416314.48;
113;Karli;eesti;ametlik põhinimi;kehtiv;maaüksus, krunt, talu;;Saare maakond, Saaremaa vald, Muratsi küla;6457356.12;417776.36;
114;Karlipõllu;eesti;ametlik põhinimi;kehtiv;maaüksus, krunt, talu;;Lääne-Viru maakond, Kadrina vald, Tirbiku küla;6580570.28;626053.99;
115;Karla;eesti;ametlik põhinimi;kehtiv;maaüksus, krunt, talu;;Järva maakond, Järva vald, Jalgsema küla;6555366.82;608742.57;
116;Karliaia;eesti;ametlik põhinimi;kehtiv;maaüksus, krunt, talu;;Jõgeva maakond, Jõgeva vald, Võduvere küla;6516749.58;641621.59;
117;Karli;eesti;ametlik põhinimi;kehtiv;maaüksus, krunt, talu;;Harju maakond, Jõelähtme vald, Haljava küla;6587192.62;566361.46;
118;Karla;eesti;ametlik põhinimi;kehtiv;maaüksus, krunt, talu;;Saare maakond, Saaremaa vald, Vaivere küla;6460039.9;418201.71;
119;Karla;eesti;ametlik põhinimi;kehtiv;maaüksus, krunt, talu;;Saare maakond, Saaremaa vald, Muratsi küla;6456752.6;418565.46;
120;Karli;eesti;ametlik põhinimi;kehtiv;maaüksus, krunt, talu;;Ida-Viru maakond, Jõhvi vald, Pajualuse küla;6580231.54;692968.46;
121;Karla;eesti;ametlik põhinimi;kehtiv;maaüksus, krunt, talu;;Võru maakond, Võru vald, Andsumäe küla;6409503.77;689333.69;
122;Karli;eesti;ametlik põhinimi;kehtiv;maaüksus, krunt, talu;;Saare maakond, Saaremaa vald, Aula-Vintri küla;6472428.64;406250.78;
123;Karli;eesti;ametlik põhinimi;kehtiv;maaüksus, krunt, talu;;Saare maakond, Saaremaa vald, Saareküla;6477350.46;449186.77;
124;Karla;eesti;ametlik põhinimi;kehtiv;maaüksus, krunt, talu;;Harju maakond, Kuusalu vald, Rummu küla;6590654.38;575672.81;
125;Karla;eesti;ametlik põhinimi;kehtiv;maaüksus, krunt, talu;;Harju maakond, Kuusalu vald, Kodasoo küla;6589389.92;572637.68;
126;Karla;eesti;ametlik põhinimi;kehtiv;maaüksus, krunt, talu;;Lääne maakond, Lääne-Nigula vald, Ubasalu küla;6526088.5;500239.99;
127;Karli;eesti;ametlik põhinimi;kehtiv;maaüksus, krunt, talu;;Lääne maakond, Lääne-Nigula vald, Kullamaa küla;6525193.07;504941.25;
128;Karla;eesti;ametlik põhinimi;kehtiv;maaüksus, krunt, talu;;Hiiu maakond, Hiiumaa vald, Kleemu küla;6518426.94;423312.95;
129;Karlapõllu;eesti;ametlik põhinimi;kehtiv;maaüksus, krunt, talu;;Lääne-Viru maakond, Vinni vald, Venevere küla;6543039.29;656305.79;
130;Karli;eesti;ametlik põhinimi;kehtiv;maaüksus, krunt, talu;;Harju maakond, Saue vald, Kabila küla;6564751.56;524186.64;
131;Karla;eesti;ametlik põhinimi;kehtiv;maaüksus, krunt, talu;;Saare maakond, Saaremaa vald, Vilsandi küla;6473717.23;377678.14;
132;Karla;eesti;ametlik põhinimi;kehtiv;maaüksus, krunt, talu;;Lääne-Viru maakond, Vinni vald, Venevere küla;6544547.12;655394.03;
133;Karlssoni;eesti;ametlik põhinimi;kehtiv;maaüksus, krunt, talu;;Hiiu maakond, Hiiumaa vald, Männamaa küla;6525162.08;422104.43;
134;Karla;eesti;ametlik põhinimi;kehtiv;maaüksus, krunt, talu;;Saare maakond, Saaremaa vald, Virita küla;6472033.08;385597.46;
135;Karla;eesti;ametlik põhinimi;kehtiv;maaüksus, krunt, talu;;Saare maakond, Saaremaa vald, Pajumõisa küla;6473047.19;387492.58;
136;Karli;eesti;ametlik põhinimi;kehtiv;maaüksus, krunt, talu;;Saare maakond, Saaremaa vald, Sauvere küla;6475647.9;401042.42;
137;Karlsoni;eesti;ametlik põhinimi;kehtiv;maaüksus, krunt, talu;;Pärnu maakond, Lääneranna vald, Kunila küla;6497892.65;487273.57;
138;Karla;eesti;ametlik põhinimi;kehtiv;maaüksus, krunt, talu;;Hiiu maakond, Hiiumaa vald, Rootsi küla;6541524.84;414149.21;
139;Karlimetsa;eesti;ametlik põhinimi;kehtiv;maaüksus, krunt, talu;;Rapla maakond, Märjamaa vald, Teenuse küla;6521333.7;507939.45;
140;Karli;eesti;ametlik põhinimi;kehtiv;maaüksus, krunt, talu;;Tartu maakond, Luunja vald, Sava küla;6476316.13;673254.66;
141;Karli;eesti;ametlik põhinimi;kehtiv;maaüksus, krunt, talu;;Tartu maakond, Luunja vald, Sääsekõrva küla;6475982.83;672811.72;
142;Karli;eesti;ametlik põhinimi;kehtiv;maaüksus, krunt, talu;;Hiiu maakond, Hiiumaa vald, Nõmmerga küla;6526561.19;418581.01;
143;Karla;eesti;ametlik põhinimi;kehtiv;maaüksus, krunt, talu;;Saare maakond, Saaremaa vald, Mändjala küla;6453509.78;400433.66;
144;Karli;eesti;ametlik põhinimi;kehtiv;maaüksus, krunt, talu;;Saare maakond, Muhu vald, Laheküla;6488344.71;456826.61;
145;Karli;eesti;ametlik põhinimi;kehtiv;maaüksus, krunt, talu;;Saare maakond, Saaremaa vald, Selgase küla;6478287.83;393224.81;
146;Karli;eesti;ametlik põhinimi;kehtiv;maaüksus, krunt, talu;;Võru maakond, Rõuge vald, Savioja küla;6392415.26;690385.44;
147;Karli;eesti;ametlik põhinimi;kehtiv;maaüksus, krunt, talu;;Tartu maakond, Nõo vald, Voika küla;6460770.06;646632.28;
148;Karl-Hendriku;eesti;ametlik põhinimi;kehtiv;maaüksus, krunt, talu;;Järva maakond, Türi vald, Raukla küla;6514715.97;588224.04;
149;Karla;eesti;ametlik põhinimi;kehtiv;maaüksus, krunt, talu;;Jõgeva maakond, Jõgeva vald, Raadivere küla;6506373.32;647141.14;
150;Karli;eesti;ametlik põhinimi;kehtiv;maaüksus, krunt, talu;;Tartu maakond, Elva vald, Urmi küla;6446163.28;637953.2;
151;Karli;eesti;ametlik põhinimi;kehtiv;maaüksus, krunt, talu;;Jõgeva maakond, Jõgeva vald, Saduküla;6506155.67;632278.49;
152;Karla;eesti;ametlik põhinimi;kehtiv;maaüksus, krunt, talu;;Tartu maakond, Peipsiääre vald, Metsanurga küla;6510126.66;676465.51;
153;Karli;eesti;ametlik põhinimi;kehtiv;maaüksus, krunt, talu;;Jõgeva maakond, Jõgeva vald, Sudiste küla;6500713.78;651137.45;
154;Karla;eesti;ametlik põhinimi;kehtiv;maaüksus, krunt, talu;;Viljandi maakond, Mulgi vald, Sudiste küla;6442012.14;597038.07;
155;Karljärve;eesti;ametlik põhinimi;kehtiv;maaüksus, krunt, talu;;Valga maakond, Otepää vald, Kaurutootsi küla;6429008.29;647430.72;
156;Karli;eesti;ametlik põhinimi;kehtiv;maaüksus, krunt, talu;;Valga maakond, Otepää vald, Mägestiku küla;6440154.5;640891.43;
157;Karl-Augusti;eesti;ametlik põhinimi;kehtiv;maaüksus, krunt, talu;;Valga maakond, Otepää vald, Pedajamäe küla;6438993.18;642436.38;
158;Karli-Kase;eesti;ametlik põhinimi;kehtiv;maaüksus, krunt, talu;;Jõgeva maakond, Põltsamaa vald, Väike-Kamari küla;6496816.65;613646.48;
159;Karli;eesti;ametlik põhinimi;kehtiv;maaüksus, krunt, talu;;Jõgeva maakond, Põltsamaa vald, Lebavere küla;6497007;604679.63;
160;Karli;eesti;ametlik põhinimi;kehtiv;maaüksus, krunt, talu;;Jõgeva maakond, Põltsamaa vald, Võhmanõmme küla;6503775.1;616772.16;
161;Karluti;eesti;ametlik põhinimi;kehtiv;maaüksus, krunt, talu;;Rapla maakond, Rapla vald, Oela küla;6545170.11;539216.58;
162;Karli;eesti;ametlik põhinimi;kehtiv;maaüksus, krunt, talu;;Põlva maakond, Räpina vald, Naha küla;6453224.19;701882.04;
163;Karli;eesti;ametlik põhinimi;kehtiv;maaüksus, krunt, talu;;Pärnu maakond, Saarde vald, Ilvese küla;6451281.35;541657.66;
164;Karli;eesti;ametlik põhinimi;kehtiv;maaüksus, krunt, talu;;Viljandi maakond, Viljandi vald, Mõnnaste küla;6465587.15;607917.78;
165;Karla;eesti;ametlik põhinimi;kehtiv;maaüksus, krunt, talu;;Tartu maakond, Tartu vald, Õvi küla;6483769.11;647661.27;
166;Karla;eesti;ametlik põhinimi;kehtiv;maaüksus, krunt, talu;;Lääne maakond, Lääne-Nigula vald, Vidruka küla;6541320.89;495634.08;
167;Karli-Aadu;eesti;ametlik põhinimi;kehtiv;maaüksus, krunt, talu;;Tartu maakond, Tartu vald, Raigastvere küla;6496688.89;653517.44;
168;Karli-Aadu;eesti;ametlik põhinimi;kehtiv;maaüksus, krunt, talu;;Tartu maakond, Tartu vald, Õvanurme küla;6495441.78;653784.34;
169;Karla;eesti;ametlik põhinimi;kehtiv;maaüksus, krunt, talu;;Tartu maakond, Tartu vald, Pataste küla;6496512.83;662521.12;
170;Karla;eesti;ametlik põhinimi;kehtiv;maaüksus, krunt, talu;;Saare maakond, Saaremaa vald, Kaavi küla;6428970.78;391802.91;
171;Karli;eesti;ametlik põhinimi;kehtiv;maaüksus, krunt, talu;;Ida-Viru maakond, Alutaguse vald, Kellassaare küla;6552091.83;670966.51;
172;Karli;eesti;ametlik põhinimi;kehtiv;maaüksus, krunt, talu;;Võru maakond, Võru vald, Kärgula küla;6423844.45;658804.06;
173;Karla;eesti;ametlik põhinimi;kehtiv;maaüksus, krunt, talu;;Saare maakond, Saaremaa vald, Sääre küla;6422257.06;385723.72;
174;Karli;eesti;ametlik põhinimi;kehtiv;maaüksus, krunt, talu;;Jõgeva maakond, Jõgeva vald, Näduvere küla;6528065.07;655203.41;
175;Karla;eesti;ametlik põhinimi;kehtiv;maaüksus, krunt, talu;;Pärnu maakond, Häädemeeste vald, Tahkuranna küla;6457223.4;529519.25;
176;Karl-Toomase;eesti;ametlik põhinimi;kehtiv;maaüksus, krunt, talu;;Põlva maakond, Kanepi vald, Puugi küla;6443160.87;655132.5;
177;Karli;eesti;ametlik põhinimi;kehtiv;maaüksus, krunt, talu;;Pärnu maakond, Pärnu linn, Kiraste küla;6481374.83;498384.83;
178;Karlapõllu;eesti;ametlik põhinimi;kehtiv;maaüksus, krunt, talu;;Põlva maakond, Kanepi vald, Sirvaste küla;6436286.29;660875.24;
179;Karlametsa;eesti;ametlik põhinimi;kehtiv;maaüksus, krunt, talu;;Põlva maakond, Kanepi vald, Sirvaste küla;6436006.4;660926.64;
180;Karli;eesti;ametlik põhinimi;kehtiv;maaüksus, krunt, talu;;Lääne-Viru maakond, Väike-Maarja vald, Avispea küla;6554258.47;639483.36;
181;Karla;eesti;ametlik põhinimi;kehtiv;maaüksus, krunt, talu;;Lääne-Viru maakond, Haljala vald, Karepa küla;6602602.45;635814.81;
182;Karla;eesti;ametlik põhinimi;kehtiv;maaüksus, krunt, talu;;Võru maakond, Rõuge vald, Mutemetsa küla;6389300.23;664604.76;
183;Karli;eesti;ametlik põhinimi;kehtiv;maaüksus, krunt, talu;;Lääne-Viru maakond, Haljala vald, Karepa küla;6602243.72;637939.14;
184;Karlo;eesti;ametlik põhinimi;kehtiv;maaüksus, krunt, talu;;Viljandi maakond, Viljandi vald, Tõnuküla;6472908.15;603714.62;
185;Karla;eesti;ametlik põhinimi;kehtiv;maaüksus, krunt, talu;;Lääne maakond, Vormsi vald, Saxby küla;6543085.97;449424.08;
186;Karla;eesti;ametlik põhinimi;kehtiv;maaüksus, krunt, talu;;Võru maakond, Võru vald, Navi küla;6420694.55;674124.9;
187;Karla;eesti;ametlik põhinimi;kehtiv;maaüksus, krunt, talu;;Harju maakond, Kiili vald, Vaela küla;6577081.7;546657.95;
188;Karli;eesti;ametlik põhinimi;kehtiv;maaüksus, krunt, talu;;Pärnu maakond, Pärnu linn, Ermistu küla;6473102.93;501046.07;
189;Karlimetsa;eesti;ametlik põhinimi;kehtiv;maaüksus, krunt, talu;;Harju maakond, Lääne-Harju vald, Nahkjala küla;6567354.12;516045.82;
190;Karli;eesti;ametlik põhinimi;kehtiv;maaüksus, krunt, talu;;Saare maakond, Saaremaa vald, Mujaste küla;6493977.74;430408.97;
191;Karli;eesti;ametlik põhinimi;kehtiv;maaüksus, krunt, talu;;Saare maakond, Saaremaa vald, Murika küla;6495642.49;414685.43;
192;Karla;eesti;ametlik põhinimi;kehtiv;maaüksus, krunt, talu;;Tartu maakond, Kastre vald, Kitseküla;6465625.96;670008.53;
193;Karla;eesti;ametlik põhinimi;kehtiv;maaüksus, krunt, talu;;Järva maakond, Järva vald, Vetepere küla;6554587.28;591973;
194;Karla;eesti;ametlik põhinimi;kehtiv;maaüksus, krunt, talu;;Tartu maakond, Peipsiääre vald, Kusma küla;6489404.72;672991.77;
195;Karlu;eesti;ametlik põhinimi;kehtiv;maaüksus, krunt, talu;;Hiiu maakond, Hiiumaa vald, Jausa küla;6514840.12;424526.77;
196;Karl-Hendriku;eesti;ametlik põhinimi;kehtiv;maaüksus, krunt, talu;;Järva maakond, Türi vald, Põikva küla;6509136.57;577400.85;
197;Karli;eesti;ametlik põhinimi;kehtiv;maaüksus, krunt, talu;;Lääne-Viru maakond, Haljala vald, Metsiku küla;6597401.43;621304.42;
198;Karlimetsa;eesti;ametlik põhinimi;kehtiv;maaüksus, krunt, talu;;Pärnu maakond, Pärnu linn, Kavaru küla;6461052.46;511101.1;
199;Karla;eesti;ametlik põhinimi;kehtiv;maaüksus, krunt, talu;;Ida-Viru maakond, Alutaguse vald, Varesmetsa küla;6555009.96;691819.45;
200;Karli;eesti;ametlik põhinimi;kehtiv;maaüksus, krunt, talu;;Pärnu maakond, Saarde vald, Saarde küla;6442553.65;555963.94;
201;Karlimetsa;eesti;ametlik põhinimi;kehtiv;maaüksus, krunt, talu;;Pärnu maakond, Saarde vald, Saarde küla;6443172.96;554620.61;
202;Karli;eesti;ametlik põhinimi;kehtiv;maaüksus, krunt, talu;;Rapla maakond, Kohila vald, Adila küla;6553018.21;536611.96;
203;Karla;eesti;ametlik põhinimi;kehtiv;maaüksus, krunt, talu;;Võru maakond, Võru vald, Verijärve küla;6410587.88;681965.16;
204;Karli;eesti;ametlik põhinimi;kehtiv;maaüksus, krunt, talu;;Harju maakond, Harku vald, Harkujärve küla;6586196.62;534231.21;
205;Karla-Tabase;eesti;ametlik põhinimi;kehtiv;maaüksus, krunt, talu;;Harju maakond, Kose vald, Karla küla;6560690.61;564790.97;
206;Karli;eesti;ametlik põhinimi;kehtiv;maaüksus, krunt, talu;;Valga maakond, Otepää vald, Lauküla;6421047;640637.76;
207;Karli;eesti;ametlik põhinimi;kehtiv;maaüksus, krunt, talu;;Harju maakond, Kuusalu vald, Leesi küla;6606973.65;584976;
208;Karli;eesti;ametlik põhinimi;kehtiv;maaüksus, krunt, talu;;Saare maakond, Saaremaa vald, Jursi küla;6471570.48;433685.63;
209;Karla;eesti;ametlik põhinimi;kehtiv;maaüksus, krunt, talu;;Pärnu maakond, Pärnu linn, Kavaru küla;6460967.62;509854.24;
210;Karli;eesti;ametlik põhinimi;kehtiv;maaüksus, krunt, talu;;Saare maakond, Saaremaa vald, Lõu küla;6439516.39;392793.58;
211;Karlssoni;eesti;ametlik põhinimi;kehtiv;maaüksus, krunt, talu;;Lääne maakond, Lääne-Nigula vald, Spithami küla / Spithamn;6564771.25;472773.16;
212;Karl-Tasuja;eesti;ametlik põhinimi;kehtiv;maaüksus, krunt, talu;;Lääne-Viru maakond, Väike-Maarja vald, Ebavere küla;6554554.36;627396.92;
213;Karlimetsa;eesti;ametlik põhinimi;kehtiv;maaüksus, krunt, talu;;Lääne maakond, Lääne-Nigula vald, Uusküla;6528333.94;495602.96;
214;Karlipõllu;eesti;ametlik põhinimi;kehtiv;maaüksus, krunt, talu;;Lääne maakond, Lääne-Nigula vald, Uusküla;6528411.77;495816.28;
215;Karlshofi;eesti;ametlik põhinimi;kehtiv;maaüksus, krunt, talu;;Harju maakond, Kose vald, Kirivalla küla;6554043.96;564669.76;
216;Karla;eesti;ametlik põhinimi;kehtiv;maaüksus, krunt, talu;;Järva maakond, Järva vald, Kalitsa küla;6535498.58;611224.27;
217;Karli;eesti;ametlik põhinimi;kehtiv;maaüksus, krunt, talu;;Pärnu maakond, Lääneranna vald, Rumba küla;6510821.12;508843.63;
218;Karli;eesti;ametlik põhinimi;kehtiv;maaüksus, krunt, talu;;Saare maakond, Saaremaa vald, Valjala-Kogula küla;6475682.61;433344.26;
219;Karla;eesti;ametlik põhinimi;kehtiv;maaüksus, krunt, talu;;Saare maakond, Muhu vald, Lõetsa küla;6500411.55;459934.8;
220;Karla;eesti;ametlik põhinimi;kehtiv;maaüksus, krunt, talu;;Hiiu maakond, Hiiumaa vald, Pihla küla;6538449.13;415201.86;
221;Karla;eesti;ametlik põhinimi;kehtiv;maaüksus, krunt, talu;;Viljandi maakond, Viljandi vald, Mustapali küla;6464307.02;603959.66;
222;Karli;eesti;ametlik põhinimi;kehtiv;maaüksus, krunt, talu;;Harju maakond, Saue vald, Jõgisoo küla;6572230.19;529093.22;
223;Karlimetsa;eesti;ametlik põhinimi;kehtiv;maaüksus, krunt, talu;;Harju maakond, Saue vald, Jõgisoo küla;6572352.9;529099.64;
224;Karla;eesti;ametlik põhinimi;kehtiv;maaüksus, krunt, talu;;Rapla maakond, Kehtna vald, Linnaaluste küla;6532005.01;553267.45;
225;Karla;eesti;ametlik põhinimi;kehtiv;maaüksus, krunt, talu;;Tartu maakond, Elva vald, Tännassilma küla;6469087.61;634529.95;
226;Karli;eesti;ametlik põhinimi;kehtiv;maaüksus, krunt, talu;;Pärnu maakond, Lääneranna vald, Parivere küla;6503712.09;491315.85;
227;Karlimetsa;eesti;ametlik põhinimi;kehtiv;maaüksus, krunt, talu;;Pärnu maakond, Lääneranna vald, Parivere küla;6503314.76;491866.94;
228;Karla;eesti;ametlik põhinimi;kehtiv;maaüksus, krunt, talu;;Rapla maakond, Kehtna vald, Saunaküla;6535948.21;545415;
229;Karlanurga;eesti;ametlik põhinimi;kehtiv;maaüksus, krunt, talu;;Põlva maakond, Põlva vald, Adiste küla;6443900.21;685329.85;
230;Karlmarkuse;eesti;ametlik põhinimi;kehtiv;maaüksus, krunt, talu;;Saare maakond, Saaremaa vald, Praakli küla;6458861.3;416287.6;
231;Karli;eesti;ametlik põhinimi;kehtiv;maaüksus, krunt, talu;;Tartu maakond, Kambja vald, Soinaste küla;6468981.37;659700.91;
232;Karl Reinvaldi;eesti;ametlik põhinimi;kehtiv;maaüksus, krunt, talu;;Lääne maakond, Lääne-Nigula vald, Silla küla;6521288.21;507632.62;
233;Karli;eesti;ametlik põhinimi;kehtiv;maaüksus, krunt, talu;;Jõgeva maakond, Põltsamaa vald, Pikknurme küla;6498969.15;627514.7;
234;Karl Villa Perga;eesti;ametlik põhinimi;kehtiv;maaüksus, krunt, talu;;Tartu maakond, Nõo vald, Nõgiaru küla;6465666.29;648502.04;
235;Karliluha;eesti;ametlik põhinimi;kehtiv;maaüksus, krunt, talu;;Viljandi maakond, Põhja-Sakala vald, Võhmassaare küla;6497651.7;588726.5;
236;Karli;eesti;ametlik põhinimi;kehtiv;maaüksus, krunt, talu;;Harju maakond, Kose vald, Krei küla;6561832.67;564938.17;
237;Karlavälja;eesti;ametlik põhinimi;kehtiv;maaüksus, krunt, talu;;Harju maakond, Jõelähtme vald, Parasmäe küla;6586825.37;563491.34;
238;Karlipõllu;eesti;ametlik põhinimi;kehtiv;maaüksus, krunt, talu;;Lääne-Viru maakond, Kadrina vald, Orutaguse küla;6579523.3;626051.18;
239;Karli;eesti;ametlik põhinimi;kehtiv;maaüksus, krunt, talu;;Lääne-Viru maakond, Kadrina vald, Orutaguse küla;6579020.97;626149.48;
